{
    "Logs": {
        "File": "KuchCraft.log",
        "Name": "KuchCraft2",
        "Pattern": "[%Y-%m-%d %H:%M:%S] [%l] : %v"
    },
    "Renderer": {
        "BlockTextureSize": 16,
        "Logs": true,
        "Renderer2DMaxQuads": 20000,
        "Renderer3DMaxQuads": 20000,
        "ShaderVersion": "460 core",
        "SkyboxColor": {
            "Afternoon": [
                0.699999988079071,
                0.699999988079071,
                1.0,
                1.0
            ],
            "Dawn": [
                0.800000011920929,
                0.4000000059604645,
                0.10000000149011612,
                1.0
            ],
            "Dusk": [
                0.30000001192092896,
                0.10000000149011612,
                0.30000001192092896,
                1.0
            ],
            "Evening": [
                0.800000011920929,
                0.5,
                0.30000001192092896,
                1.0
            ],
            "Morning": [
                0.8999999761581421,
                0.6000000238418579,
                0.30000001192092896,
                1.0
            ],
            "Night": [
                0.10000000149011612,
                0.10000000149011612,
                0.30000001192092896,
                1.0
            ],
            "Noon": [
                0.6000000238418579,
                0.800000011920929,
                1.0,
                1.0
            ]
        }
    },
    "Window": {
        "FullScreen": false,
        "Height": 899,
        "HeightBeforeFullscreen": 899,
        "PositionBeforeFullscreenX": 190,
        "PositionBeforeFullscreenY": 67,
        "PositionX": 537,
        "PositionY": 68,
        "Resizable": true,
        "ShowCursor": true,
        "Vsync": false,
        "Width": 1470,
        "WidthBeforeFullscreen": 1470
    },
    "World": {
        "BiomePackFile": "biomeInfo.kc",
        "ChuksToRecreateInFrame": 1,
        "ChunksToBuildInFrame": 1,
        "DurationOfDayInMinutes": 20,
        "KeptInMemoryDistance": 10,
        "RenderDistance": 13,
        "TexturePackFile": "itemInfo.kc",
        "TexturesDirectory": "assets/textures",
        "WorldDataFile": "world_data.kc",
        "WorldsDirectory": "worlds"
    }
}